user_id,name,phone,age,sex,home_latitude,home_longitude
1,Katelyn Obrien,(01) 1398 2297,17,F,16.7869132,96.10020522
2,Dacey Holloway,(02) 1492 8649,42,M,16.67344674,96.17657135
3,Aiko Rutledge,(07) 8936 6541,51,M,16.87013946,96.19016412
4,Meghan Hayden,(04) 8464 6424,23,M,16.96738711,96.29461388
5,Ivana Charles,(01) 3727 3799,54,M,16.76552764,96.12751739
6,Zorita Curtis,(08) 4583 7560,30,M,16.88832784,96.21995672
7,Paloma Castro,(03) 8543 6931,47,M,16.73235526,96.18930669
8,Rhona Donaldson,(07) 9155 6195,50,F,16.9385027,96.14623125
9,Kiona Cooper,(06) 6680 8449,49,F,16.92894136,96.10574824
10,Bertha Lancaster,(05) 3479 3815,42,M,16.88230775,96.05297476
11,Halee Leblanc,(07) 5301 4034,51,F,17.01359385,96.19143381
12,MacKenzie Frazier,(06) 7501 3763,47,F,16.81335103,96.3251942
13,Yael Valentine,(07) 0643 1183,25,F,16.82129974,96.29623589
14,Brooke Christensen,(07) 6997 1046,14,F,16.67681896,96.1427175
15,Leah Thomas,(06) 0942 3807,25,M,16.84424983,96.19416658
16,Kylynn Ellison,(03) 8098 9538,42,M,16.88187445,96.06476067
17,Minerva Whitaker,(06) 7307 9496,57,M,16.78187268,96.16749152
18,Grace Wade,(03) 6313 5753,39,F,16.81158836,96.2144558
19,Holly Griffin,(02) 0017 3011,19,F,16.89649987,96.11627058
20,Brittany Greene,(06) 3615 7684,48,M,16.95506966,96.13167568
21,Madonna Duran,(04) 8972 1360,58,F,16.9648482,96.1681411
22,Iliana Berry,(08) 1979 0563,25,F,16.8379136,96.04100975
23,Brynn Nguyen,(01) 2292 0762,19,F,16.81917803,96.28436406
24,Frances Blake,(02) 8435 7356,45,F,16.81358397,96.29798293
25,Latifah Riddle,(04) 5433 8255,26,M,16.78780845,96.29610462
26,Avye Brown,(09) 8441 4060,52,M,16.89871984,96.19116156
27,Fallon Strickland,(07) 0172 0837,37,M,16.70115447,96.21550905
28,Lucy Stout,(02) 3913 1992,60,F,16.94251171,96.18554519
29,Ursa Rivera,(09) 5466 6102,37,M,16.78696462,96.01042095
30,Germane Miller,(01) 1074 4238,56,F,16.95531057,96.25642546
31,Ivana Booth,(09) 9681 7072,29,F,16.96334224,96.2458406
32,Rhea Flores,(08) 9688 5623,58,M,16.76497493,96.24906127
33,Amity Potter,(09) 5218 7467,46,M,16.9392297,96.26333546
34,Joelle Barrera,(03) 6102 4571,55,F,16.79245581,96.20387654
35,Latifah Tyler,(01) 0343 8111,38,M,16.79860987,95.99678895
36,Aurelia Pugh,(07) 5783 6742,12,M,16.85280299,96.24596438
37,Sheila Bryant,(04) 6677 3772,57,F,16.81471242,96.30823868
38,Angelica Todd,(08) 9781 9880,52,F,16.84281105,96.0912463
39,Ivana David,(01) 7980 9810,41,F,16.90327626,96.33923668
40,Lesley Byrd,(01) 0746 0837,29,F,16.93252038,96.09892749
41,Skyler Haynes,(02) 4010 1013,25,F,16.93115116,96.24255176
42,Sybill Ballard,(04) 2379 0185,12,M,16.87627381,96.21272161
43,Darrel Bray,(03) 6745 5690,40,F,16.73239393,96.22281532
44,Jaquelyn Levy,(09) 2744 9847,59,M,16.92443877,96.21489565
45,Kameko Hampton,(04) 3305 3447,18,F,16.90349975,96.22250949
46,Quynn Mosley,(09) 4221 5666,49,F,16.77548762,96.20298124
47,Candice Juarez,(01) 8057 8791,17,M,16.79479162,96.02985178
48,Stacy Hopper,(05) 1848 3498,42,F,16.96032762,96.11646395
49,Linda Booth,(06) 1185 2658,56,F,16.95637071,96.21847701
50,Patience Mcgee,(06) 3930 3801,13,M,16.83582953,96.31036259
51,Isabelle Hicks,(03) 3181 1675,41,M,16.85913068,96.27767934
52,Sonya Berry,(07) 5681 4030,22,F,16.99080104,96.09010707
53,Shaine Wolfe,(06) 2236 8545,48,M,16.73920837,96.23913822
54,Elizabeth Flores,(04) 3061 5821,42,M,16.75855424,96.33019492
55,Kyla Schultz,(01) 5916 6186,44,F,16.70311478,96.12541126
56,Orli Duncan,(02) 4455 5060,24,M,16.9173649,96.14993568
57,Danielle Armstrong,(02) 5549 2767,58,M,16.76884969,96.02249462
58,Casey Todd,(09) 2391 7694,31,M,16.85317527,96.04802977
59,Gwendolyn Calderon,(03) 6798 2876,43,M,16.84023198,96.21110824
60,Idola Ramos,(04) 3507 1044,12,M,16.82399881,96.10643426
61,Charity Gardner,(04) 9463 7221,40,F,16.92822655,96.12021083
62,Illiana White,(04) 0027 6078,48,F,16.68360751,96.1145703
63,Ariana Guzman,(08) 0112 2462,40,F,16.77401137,96.3463205
64,Harriet Davidson,(01) 9466 6657,21,F,16.81962234,96.11057219
65,Cathleen Barker,(03) 4241 1603,56,F,16.96338888,96.23862607
66,Brooke Mcdonald,(07) 1522 6593,25,F,16.78390825,96.07430721
67,Dahlia Richmond,(07) 9686 6185,24,M,16.92415923,96.26373672
68,Guinevere Hoover,(06) 3570 5582,50,F,17.01141362,96.13487281
69,Emma Kramer,(05) 6578 1510,23,F,16.91502958,96.09349026
70,Regan Ryan,(04) 4523 7390,56,F,16.89115838,96.19967938
71,Joelle Hicks,(02) 6654 6242,35,M,16.83443001,96.10728714
72,Stacey Calderon,(07) 3743 9439,19,F,16.68386986,96.10520055
73,Simone Anderson,(06) 9015 1484,50,F,16.90405672,96.08716373
74,Virginia Mcclure,(06) 3909 2155,15,M,16.97463398,96.22698318
75,Chiquita Hines,(09) 9529 1325,49,F,16.97794726,96.19488201
76,Allegra Strickland,(08) 9647 8210,40,M,16.74614191,96.29575725
77,Rhiannon Chapman,(01) 0977 3833,46,F,16.96989944,96.23179259
78,Idona Mcintosh,(07) 3940 5972,39,F,16.93670457,96.16560785
79,Winter Shields,(07) 8702 4981,13,F,16.78104485,96.22574292
80,Adena Cantrell,(03) 4210 6456,40,M,16.78839487,96.33623587
81,Ella Webb,(06) 1566 4908,27,F,16.93015365,96.12402134
82,Jaime Gordon,(04) 1481 2698,46,M,16.89528254,96.17187872
83,Anika Mcmillan,(04) 3114 6920,38,F,16.88660744,96.25236277
84,Lesley Finley,(07) 1163 6747,39,F,16.85231451,96.02454938
85,Stephanie Diaz,(05) 9236 8262,22,M,16.82108288,96.19692232
86,Regina Lynn,(01) 1743 2615,12,M,16.88338403,96.14460964
87,Halee Weaver,(08) 8758 4588,58,F,16.72612786,96.07172128
88,Tamekah Ray,(04) 0668 7129,38,M,16.98443784,96.15407087
89,Delilah Christensen,(03) 3160 5616,17,F,16.71534069,96.10380459
90,Xena Avila,(06) 8777 1473,17,M,16.67783279,96.14050452
91,Jane Lynch,(09) 3029 2169,19,F,16.78056856,96.33353652
92,Lavinia Hines,(03) 5576 1135,37,M,16.90491097,96.05144935
93,Lillith Gregory,(05) 2952 7790,50,M,16.66641067,96.15721744
94,Melinda Hardy,(09) 3187 0880,54,M,16.82840399,96.22904078
95,Roanna Calhoun,(03) 6058 6631,24,F,16.9096529,96.04495683
96,Blaine Watts,(03) 4888 2965,45,M,16.71260766,96.06241088
97,Oprah Vance,(07) 4609 3812,53,F,16.7709902,96.3384826
98,Jena Yang,(05) 2272 3724,43,M,16.84772717,96.01206433
99,Ariel Booker,(03) 5557 7175,23,M,16.71707663,96.29445657
100,Jocelyn Landry,(03) 7240 3638,54,F,16.66976733,96.21052833
101,Maxine Roman,(05) 2192 0380,60,F,16.97157167,96.12014491
102,Nola Gilliam,(09) 6722 2685,33,M,16.86362813,96.15707241
103,Leah Marsh,(08) 8634 7380,24,F,16.96641978,96.18012131
104,Naomi Key,(09) 6376 6743,14,F,16.84480646,96.00860818
105,Mikayla Wyatt,(01) 5445 9806,27,F,16.97861909,96.18927243
106,Iliana Juarez,(01) 1596 1282,30,M,16.7510222,96.03473494
107,Lael Suarez,(04) 5157 3412,47,F,16.8237121,96.01880668
108,Zena Becker,(04) 8332 4571,39,M,16.98364191,96.19748778
109,Macey Rasmussen,(01) 5431 5498,50,F,16.84020577,96.20307844
110,Wilma Burt,(02) 7835 9003,28,M,16.81979999,96.21161913
111,Mechelle Robles,(01) 1259 8826,19,M,16.67793936,96.11316351
112,Bianca Herman,(06) 4258 1085,32,M,16.76385262,96.25636245
113,Cora Hernandez,(08) 5413 1777,23,M,16.87606134,96.2076168
114,Charlotte Garza,(02) 8026 5892,33,M,16.81505,96.12095913
115,Margaret Ramos,(07) 7729 8884,36,F,16.78734794,96.05067769
116,Willow Velasquez,(03) 4284 1881,30,F,16.92384126,96.15789889
117,Judith Lyons,(01) 7823 9760,51,M,16.81458943,96.2996645
118,Jessica Norris,(04) 8822 9554,37,M,16.70958863,96.17645498
119,Sara Morgan,(02) 8601 1920,20,F,16.93691035,96.09253661
120,Shelley Browning,(05) 7394 1686,19,M,16.78122983,96.01337658
121,Sarah Guerrero,(09) 6007 5095,46,F,16.72217358,96.16578649
122,Lydia Franks,(06) 9436 3041,16,M,16.7270814,96.03941782
123,Jaime Romero,(03) 7597 3949,47,F,16.6670789,96.20781845
124,Quyn Francis,(05) 0260 9223,57,M,16.71595612,96.22976913
125,Katelyn Glass,(06) 5387 9551,40,F,16.89972687,96.02339389
126,Bo England,(06) 9552 4597,39,F,16.89888164,96.11118937
127,Macey Larson,(04) 0053 6496,36,F,16.89331623,96.08335605
128,Colleen Montoya,(03) 0725 6883,47,M,16.76122424,96.13428108
129,Ila House,(09) 0115 5030,27,F,16.92246127,96.21131495
130,Nevada Camacho,(01) 0191 7505,36,F,16.80888897,96.0807016
131,Nora Farmer,(02) 3752 1780,40,M,16.96371129,96.1689449
132,Aiko Lloyd,(06) 7106 6822,45,F,16.72997697,96.16224311
133,Doris Cote,(07) 0984 4948,53,F,16.82114972,95.9982476
134,Fallon Lindsay,(07) 2710 6250,42,F,16.92836123,96.10565471
135,Minerva Becker,(06) 5415 2200,27,F,16.85957745,96.31032802
136,Ivy Bender,(03) 1723 1002,41,F,16.89845946,96.01626283
137,Xaviera Nielsen,(06) 1276 0266,21,F,16.72559461,96.20858726
138,Daria Donaldson,(01) 7800 7859,36,F,16.93705495,96.09438662
139,Quynn Fox,(06) 2966 2332,58,F,16.84171343,96.1046063
140,Bell Potter,(05) 9089 9911,43,M,16.87286399,96.28735022
141,Ivy Langley,(05) 8994 1400,36,F,16.76596182,96.27252579
142,Phyllis Roy,(09) 8944 2068,12,F,16.67957454,96.23522397
143,Isabella Mcfarland,(06) 1428 0072,38,M,16.70907437,96.10375841
144,Bethany Chen,(09) 3612 6362,49,F,16.65435372,96.13152878
145,Linda Guthrie,(02) 9714 0974,59,M,16.98262591,96.20630609
146,Natalie Meyers,(04) 5128 3809,22,M,16.77478518,96.03276169
147,Keelie Baker,(06) 5643 5624,56,F,16.83975398,96.16292555
148,Bryar Bernard,(09) 8288 9260,34,F,16.92116587,96.04182141
149,Evangeline Patton,(07) 2407 9850,19,F,16.93284757,96.26957541
150,Irma Beck,(07) 2237 5791,45,M,16.93452509,96.20377173
151,Hannah Willis,(06) 9810 6940,50,F,16.76902265,96.32785943
152,Beverly Leach,(07) 1132 4483,54,M,16.95560827,96.09501366
153,Aretha Mitchell,(05) 8836 0267,21,M,16.79403303,96.03061227
154,Gemma Nicholson,(04) 5097 8029,50,M,16.71228089,96.22725955
155,Maryam Norris,(09) 7154 5662,56,F,16.9867834,96.24250269
156,Chiquita Salinas,(07) 8158 0769,26,M,16.84121482,96.09212112
157,Cameran Lang,(05) 0457 6977,29,M,16.6881939,96.13203063
158,Danielle Orr,(01) 4593 7446,29,M,16.75817631,96.14656078
159,Xyla Roy,(08) 6375 5620,49,F,16.88051866,96.21579729
160,Maryam Stuart,(04) 1094 3925,25,M,16.92074728,96.03863251
161,Quinn Hunt,(06) 2752 3765,32,F,16.69591936,96.08321033
162,Raya Ramirez,(02) 4398 8289,51,M,16.84553185,96.11018439
163,Gemma Howard,(07) 8593 3435,54,M,16.72678885,96.3147396
164,Autumn Bird,(07) 0113 9057,40,F,16.68251994,96.07890645
165,Jaden Pacheco,(04) 5476 9736,46,F,16.86637789,96.07790572
166,Aline Orr,(01) 4703 7537,43,F,16.94125551,96.13932172
167,Ocean Richard,(02) 9210 6060,60,M,16.8529077,96.02067625
168,Rinah Wallace,(02) 4303 1123,38,F,16.79498695,96.00435714
169,Kai Morton,(04) 1172 7453,15,M,16.66581517,96.18546429
170,Evangeline Monroe,(07) 4979 8840,60,M,16.85165421,96.19186226
171,Holly Davenport,(08) 4745 2697,59,M,16.79502488,96.20116302
172,Nicole Benton,(01) 2354 3552,25,F,16.8710644,96.17417267
173,Evelyn French,(02) 7218 3720,42,M,16.71664436,96.20628019
174,Debra Swanson,(07) 9667 3855,41,F,16.73564899,96.05333682
175,Mia Dean,(08) 6275 5858,40,M,16.95286672,96.05197772
176,Roanna Coleman,(09) 2327 5058,26,M,16.91961402,96.16865957
177,Alexandra Sweet,(01) 2617 0847,14,F,16.81460816,96.16549774
178,Quemby Hutchinson,(06) 9617 1175,49,F,16.91603163,96.26382919
179,Aline Robbins,(05) 8269 5348,30,F,16.77487049,96.28698335
180,Ignacia Dorsey,(01) 5884 0986,45,F,16.81459061,96.02525782
181,Deborah Gaines,(01) 9279 2050,18,F,16.72788292,96.05079438
182,Astra Smith,(07) 5314 6082,23,F,16.96171808,96.22091872
183,Shaeleigh Boyle,(04) 4270 6919,20,F,16.78871314,96.10070525
184,Jorden Houston,(01) 2144 6641,42,M,16.82625528,96.20663879
185,Sigourney Mooney,(01) 6886 2403,58,F,16.8178209,96.02013799
186,Avye Sims,(06) 9077 4802,28,F,16.97043803,96.137049
187,McKenzie Yang,(02) 0485 7231,54,M,16.98606355,96.16160463
188,Karleigh Ochoa,(06) 2267 1647,21,M,16.87282814,96.18288863
189,Lucy Pruitt,(04) 2515 1828,57,F,17.00278208,96.14430065
190,Caryn Kane,(02) 1310 1719,51,M,16.71138791,96.29890353
191,Bethany Potter,(04) 3036 0110,52,F,16.80779856,95.98907479
192,Maxine Wood,(03) 6062 0727,13,F,16.91499505,96.18274041
193,Ayanna Guerra,(02) 6995 3174,12,M,16.68423249,96.19178874
194,Helen Becker,(09) 1071 9100,34,M,16.88373261,96.10568855
195,Zena Steele,(01) 8765 0038,51,F,16.65139003,96.13817081
196,Lysandra Moses,(08) 6126 8486,23,M,16.78076201,96.00563444
197,Alma Salas,(08) 9202 8718,27,M,16.80820312,96.12307802
198,Hedwig Stafford,(09) 2409 1341,24,F,16.91897111,96.16452053
199,Courtney Durham,(02) 1988 7433,34,F,16.85235084,96.188607
200,Meredith Dickerson,(05) 9042 1335,36,M,16.93078106,96.19258723
201,Sydney Michael,(04) 6081 7466,15,F,16.91138817,96.16513931
202,Charde Sanford,(08) 6823 2616,54,M,16.63905503,96.26299357
203,Hayley Vasquez,(02) 7026 9912,12,M,16.78502268,96.26013027
204,Kim Bender,(09) 0729 1094,26,F,16.71648335,96.32076075
205,Brenda Emerson,(05) 9368 0154,56,M,16.76544052,96.26022656
206,Lana Wright,(02) 0150 7940,59,F,16.73612023,96.20126779
207,Emily Garrett,(09) 6352 4539,33,F,16.76329748,96.35615231
208,Cherokee Mccullough,(09) 3265 7562,53,F,16.8712817,96.11006273
209,Vanna Powell,(06) 0175 6529,59,M,16.75880151,96.18358541
210,Karleigh Cross,(08) 4140 0810,29,M,16.86863237,96.16339659
211,Francesca Wilder,(02) 5130 0081,40,F,16.74929113,96.24810258
212,Shaine Lindsay,(02) 4729 2390,57,M,16.83769962,96.03081603
213,Wanda Hamilton,(09) 2934 1746,25,M,16.77706246,96.1666704
214,Uta Leblanc,(02) 8017 5209,50,M,16.89094066,96.14446513
215,Dakota Salazar,(09) 2704 9050,34,F,16.79664398,96.32823933
216,Hanae Dorsey,(09) 0552 5069,39,F,16.93859391,96.2563867
217,Kristen Patel,(08) 1751 1182,36,F,16.67889618,96.11951065
218,Alana Trevino,(02) 4159 9813,32,M,16.7491802,96.29982671
219,Hayley Freeman,(05) 8302 5178,36,M,16.66549596,96.32133382
220,Sandra Booker,(08) 2304 1260,60,M,16.75918503,96.34063317
221,Josephine Stevenson,(04) 8452 9390,51,M,16.85591104,96.2869276
222,Judith Montgomery,(09) 8713 7685,36,F,16.75518823,96.20590329
223,Natalie Foreman,(07) 5423 6880,34,F,16.61781106,96.17976785
224,Xantha Weeks,(08) 2218 0132,17,F,16.87901502,96.33073367
225,Maris Hoffman,(09) 0020 6966,45,M,16.76286153,96.22145737
226,Juliet Mcconnell,(01) 5969 7836,51,M,16.80051604,96.0702997
227,Amaya Guthrie,(04) 2874 3373,47,F,16.80750261,96.30499742
228,Shelly Rich,(06) 8027 1204,53,M,16.94776058,96.15630992
229,Adrienne Davenport,(02) 9904 8470,37,M,16.8626124,96.12979616
230,Riley Ellis,(08) 0482 3130,25,F,16.95757332,96.25438941
231,Dana Stout,(04) 3154 1813,19,M,16.86542957,96.17559325
232,Calista Herman,(03) 8825 4235,26,M,16.95440018,96.26771653
233,Carla Randolph,(07) 2948 8114,42,F,16.93722392,96.23652767
234,Aretha Taylor,(03) 9795 1083,54,F,16.68148209,96.11715202
235,Bree English,(09) 4904 4383,26,M,16.84213808,96.03591404
236,Rhoda Ashley,(07) 6342 0539,15,F,16.78900574,96.17674095
237,Maris Snow,(04) 0941 3135,21,M,16.89957419,96.26652192
238,Azalia Garcia,(02) 2607 6153,15,F,16.74625799,96.29170794
239,Haviva Hood,(02) 6990 4326,50,M,16.68787757,96.11108089
240,Chloe Jacobs,(08) 0035 0474,25,M,16.73479125,96.0884764
241,Rae Raymond,(07) 2514 5039,39,M,16.7105406,96.34055289
242,Diana Hurst,(06) 8117 2145,45,F,16.66329307,96.26736593
243,Marcia Battle,(07) 9074 6480,46,F,16.82420723,96.01842919
244,Jolie Kirk,(07) 8719 1708,54,M,16.78070845,96.30426791
245,Ulla Greene,(08) 3159 5319,19,F,16.67339928,96.23425274
246,Alea Franklin,(04) 0451 6408,45,F,16.77979022,96.16844711
247,Felicia Russo,(03) 6725 7354,30,M,16.74747852,96.26499715
248,Aiko Flores,(06) 0608 2291,23,M,16.68488128,96.27423512
249,Alea Blevins,(01) 5533 4719,50,M,16.76992614,96.37462904
250,Camilla Mcdonald,(08) 8557 1617,18,M,16.78476542,96.04039357
251,Sybil Olson,(01) 0353 9299,44,F,16.80036842,96.15801809
252,Jena Cantu,(06) 7251 0233,23,M,16.90003931,96.24964715
253,Simone Clay,(07) 1189 5952,26,F,16.82698772,96.3388688
254,Sarah Atkinson,(01) 3248 4216,59,F,16.76722283,96.19850522
255,Petra Vang,(08) 7485 5668,56,M,16.73372145,96.18756368
256,Ariana Frazier,(04) 7073 9196,33,F,16.91685905,96.17339975
257,Maya Alexander,(02) 7118 2409,57,F,16.75358987,96.0583412
258,Vera Dejesus,(06) 0683 0721,48,M,16.74448605,96.22107998
259,Colette Joseph,(08) 9500 1475,15,M,16.75450864,96.35893216
260,Aimee Miles,(03) 3606 5000,20,F,16.73807235,96.26056028
261,Cleo Burris,(04) 5919 9369,45,M,16.72414646,96.04423013
262,Idola Coleman,(05) 8951 1098,46,F,16.93093121,96.25300744
263,Lani Wallace,(01) 0151 1044,45,M,16.80117668,96.15255191
264,Zorita Grimes,(09) 7938 9437,45,M,16.82322453,96.05716138
265,Chloe Carson,(03) 9742 4387,15,F,16.75237631,96.24958731
266,Candice England,(02) 5405 9452,57,M,16.8705019,96.30254477
267,Bree Valentine,(02) 6791 3725,45,F,16.77416003,96.36662883
268,Autumn Cooley,(02) 2796 4342,40,F,16.9505715,96.24465738
269,Kay Farrell,(09) 2083 0489,19,M,16.68688538,96.15503137
270,Halla Sosa,(05) 2655 6408,12,F,16.62457798,96.20430654
271,Ursula Tillman,(06) 9219 1740,55,F,16.87845325,96.25991796
272,Hadley Pennington,(01) 8304 7101,38,F,16.82541541,96.07631306
273,Serena Stuart,(01) 1469 4377,22,F,16.66461513,96.15347596
274,Ora Page,(06) 1881 6933,29,F,16.69762517,96.29370986
275,Iola Wells,(06) 3229 3424,50,F,16.87036277,96.15958248
276,Keiko Mccray,(03) 2516 2525,31,M,16.88571245,96.25276583
277,Venus Hooper,(07) 0006 5019,38,M,16.82750284,96.36469852
278,Blossom Mullen,(02) 8251 0744,17,M,16.73269121,96.19072549
279,Linda Barlow,(05) 1838 2789,52,F,16.8594786,96.23817441
280,Noel Spence,(06) 8885 6341,37,M,16.7549829,96.13555718
281,Miriam Salinas,(04) 7824 3172,50,F,16.88638804,96.23742756
282,Anjolie Parsons,(06) 7030 6358,46,M,16.85437954,96.33625858
283,Tatyana Ayers,(05) 4602 1682,14,F,16.74193958,96.33164129
284,Signe Conway,(02) 7785 7900,45,M,16.71356344,96.28862278
285,Naomi Dorsey,(03) 9971 3567,14,M,16.72949328,96.32519179
286,Xantha Hendricks,(06) 5702 5398,22,M,16.83517109,96.2257806
287,Tashya Vasquez,(08) 4814 1979,45,F,16.81153914,96.22773043
288,Shea Watts,(08) 2655 3671,12,M,16.77999566,96.3167852
289,Robin Barlow,(03) 4287 8612,33,M,16.89753805,96.09806236
290,Justina Pace,(03) 7400 1266,23,F,16.8009952,96.0792932
291,Gisela Dickerson,(05) 5375 0950,47,M,16.69546875,96.28629398
292,Dacey Burns,(04) 4195 7875,16,M,16.6935804,96.1914059
293,Iliana Simpson,(06) 4866 8520,29,M,16.85902887,96.22886326
294,Dara Wall,(04) 9453 8504,17,M,16.69538304,96.224194
295,Unity Mills,(08) 0398 9606,36,M,16.71788716,96.29962311
296,Georgia Smith,(02) 5792 6433,57,M,16.77202549,96.07076166
297,Darrel Hess,(01) 6551 4128,27,F,16.79940976,96.35010063
298,Penelope Peters,(08) 8353 0259,25,F,16.73171287,96.02223563
299,Sigourney Pate,(02) 6512 6064,59,F,16.68990668,96.18392346
300,Kylee Butler,(07) 4902 9540,25,M,16.86954068,96.20331715
301,Camille Ramirez,(01) 2510 4641,31,F,16.74816021,96.09993442
302,Wendy Delaney,(02) 7870 0076,35,F,16.91550184,96.05991684
303,Claudia Haney,(08) 7438 4818,50,M,16.75164972,95.9985211
304,Basia Chen,(07) 1767 7647,47,F,16.82125405,96.0575472
305,Denise Rasmussen,(08) 6574 5735,18,F,16.874297,96.03778709
306,Kevyn Ford,(03) 8488 2515,50,F,17.00979779,96.09613879
307,Madeline Fuentes,(05) 5921 3009,19,M,16.83973436,96.06558771
308,Melinda Dalton,(01) 3217 1780,43,F,16.82460948,96.07645294
309,Rebekah Palmer,(02) 1261 8126,27,F,16.94032214,96.04491951
310,Tanya Puckett,(08) 4130 1647,17,F,16.92861184,96.29105192
311,Rosalyn Cohen,(09) 8525 9685,43,F,16.90489566,96.23924766
312,Pandora Reyes,(03) 1884 8644,49,F,16.75621121,96.07693726
313,Cameran Rivers,(06) 0508 0215,16,F,17.0016261,96.04823545
314,Frances Ellison,(04) 1204 8764,55,F,16.91383336,96.27347103
315,Shoshana Tucker,(06) 5183 8821,50,F,16.77323925,95.98742267
316,Denise Sharp,(04) 7024 5038,28,M,16.81239879,96.06387093
317,Mira Bennett,(01) 3488 2472,12,M,16.9329229,96.12656655
318,Sydnee Hamilton,(06) 5047 2638,38,M,16.94222617,96.02165103
319,Basia Warner,(05) 6767 9395,59,F,16.90470788,95.93434002
320,Kathleen Castillo,(04) 7251 5091,40,M,16.97801995,95.98162661
321,Mercedes Alston,(09) 9036 1136,39,M,17.03252654,96.17501583
322,Brianna Mendoza,(08) 2209 3017,15,F,16.78001081,96.23194746
323,Alfreda Ramirez,(09) 3590 2766,43,F,16.88823844,96.03395283
324,Melissa Woodard,(01) 3513 2399,26,M,16.87088206,96.22439406
325,Nayda Russell,(01) 9321 4897,28,F,16.78276231,96.03240347
326,Hayley Mckee,(01) 9727 6538,30,M,16.91174293,96.23066696
327,Carissa Boyer,(05) 6898 6913,13,F,16.81026501,96.07826542
328,Hermione Nielsen,(04) 0148 2455,34,F,16.78407938,96.08844545
329,Regan Reeves,(01) 9733 2510,53,F,16.86965166,96.0210654
330,Claudia Briggs,(01) 5833 3769,26,M,16.71345016,96.14603282
331,Sybill Blankenship,(02) 5701 8575,47,F,16.84922688,95.96215368
332,Winter Evans,(07) 3105 9943,26,F,17.01464647,96.16196235
333,Paula Hurst,(05) 1044 7162,17,M,16.73817624,96.01162596
334,Xandra Leblanc,(01) 6497 1859,12,M,16.80984458,96.20009089
335,Miranda Weber,(09) 9277 7056,30,F,16.90483153,96.26188075
336,Georgia Barnes,(06) 4661 9070,41,M,16.7536931,96.22786711
337,May Reynolds,(06) 4144 9015,47,M,16.92493946,96.02941021
338,Melodie Bray,(08) 7122 3186,39,F,16.96181334,96.09767273
339,Teagan Joyce,(05) 4808 4804,17,M,16.7470844,96.17359574
340,Ruby Cleveland,(08) 0128 3044,36,M,16.84791653,96.29589473
341,Mollie Rich,(04) 0672 3079,50,F,16.96726696,96.12912012
342,Sara Fox,(08) 2383 6823,19,F,16.90100703,96.23307469
343,Olga Stein,(01) 4290 0326,35,F,16.86216136,96.1268832
344,Georgia Oliver,(08) 3401 8434,28,M,16.84730595,96.1153273
345,Eleanor Walls,(03) 8516 4806,13,M,16.77830609,96.23320829
346,Sylvia Battle,(02) 8948 0801,35,F,16.97433058,95.9876761
347,Venus Rojas,(02) 6007 5980,49,F,16.72150076,96.11573012
348,Whilemina Burris,(09) 5403 2598,22,M,16.78335416,96.19958941
349,Alexis Hebert,(09) 8107 0235,16,F,16.79344575,96.08982993
350,Ainsley Bonner,(02) 0155 8594,24,F,16.86801245,96.1933433
351,Zephr Mejia,(08) 0114 3879,47,M,16.86115312,96.12928356
352,Cassandra Mcintosh,(08) 2166 6120,30,M,17.02008872,96.06154482
353,Quinn Zimmerman,(09) 9757 2448,26,F,16.88307506,96.26802484
354,Wendy Harrington,(01) 8972 0368,43,F,17.02976525,96.05712755
355,Lana Mcleod,(02) 0778 2885,24,M,16.78204625,96.24358043
356,Candice Morse,(03) 8239 5469,53,M,16.86769963,95.93926102
357,Willow Bray,(08) 7843 7562,18,M,16.84566651,96.21469901
358,Shelley Mcdaniel,(01) 9385 8419,33,M,16.88964585,96.15107092
359,Joelle Moreno,(02) 0901 6471,30,M,16.8986743,96.0906132
360,Rhonda Savage,(09) 1685 4109,22,M,16.86039937,96.02663542
361,Hadassah Whitehead,(08) 7907 9571,37,M,16.94317952,96.21365928
362,Velma Hicks,(01) 5699 2602,27,F,16.91093781,96.1250306
363,Mara Francis,(04) 5865 7674,45,F,16.84396139,96.30143495
364,Sonya Walsh,(09) 9741 8375,43,M,16.88214078,96.05537628
365,Ursa Faulkner,(06) 1837 9859,29,F,16.93398784,96.14101805
366,Kalia Sanford,(02) 2790 5250,21,F,16.71005685,96.08540881
367,Sydney Fischer,(08) 0798 7069,52,M,16.81412755,96.1598198
368,Charissa Noel,(08) 6697 4753,48,F,16.90777217,95.98498519
369,Lynn Hernandez,(07) 7625 6666,56,M,16.81660193,96.00831599
370,Tatum Campos,(03) 2607 0064,18,M,16.78185997,95.97245194
371,Alisa Eaton,(01) 2815 0469,55,F,16.79750017,96.18392246
372,Blythe Wallace,(09) 8285 0114,13,M,16.86510699,96.13811446
373,Cora Hill,(08) 7909 8795,21,F,16.74094435,96.1813268
374,Gretchen Conway,(05) 4574 7764,35,F,16.88434456,96.08499648
375,Alyssa Mays,(06) 0062 6561,40,F,16.90440747,96.23094743
376,Angelica Kelley,(05) 0571 8692,53,M,16.87179677,96.00206264
377,Scarlet Delgado,(04) 7214 7769,26,M,16.82901121,96.26030407
378,Chanda Flowers,(09) 6449 0453,17,F,16.99531406,96.04495382
379,Erica Herman,(07) 6808 9327,26,M,16.90244396,96.02130564
380,Selma Dotson,(09) 0760 5969,34,F,17.01809322,96.12501389
381,Alika Rose,(04) 4204 8233,15,F,16.79460325,95.99763439
382,Jeanette Stevens,(02) 8967 4898,13,F,16.84805242,96.11664402
383,Pearl Jackson,(08) 6059 8484,29,F,16.89629835,96.20670806
384,Ori Mccullough,(04) 1219 2669,44,M,16.84432483,95.96209316
385,Yael Drake,(06) 1558 8574,29,M,16.88103858,96.12224147
386,Lunea Snider,(04) 6312 9253,22,M,16.93995557,96.10591128
387,Wendy Daniel,(08) 5479 9154,31,F,16.87284809,96.13244611
388,Bree Bauer,(06) 0206 0208,16,F,16.98190502,96.17764116
389,Ivory Townsend,(06) 6418 8227,12,F,16.84492757,96.30289069
390,Noel Franco,(09) 5164 4924,38,F,16.83501112,96.02085542
391,Jolene Wade,(02) 7841 0730,31,M,16.85722281,96.17445999
392,Nomlanga Kaufman,(03) 0867 2176,36,M,16.80135508,96.00573045
393,Pascale Vazquez,(04) 2689 4835,23,F,17.03867798,96.14483512
394,Naida Sutton,(04) 4788 1920,18,M,16.84845557,96.03338778
395,Alyssa Scott,(01) 4165 9095,12,F,16.82442968,96.17190331
396,Aileen Hartman,(05) 3719 5185,32,F,16.78231729,96.13789777
397,Ginger Elliott,(06) 1318 7277,19,F,16.78190032,96.25939829
398,Kiara Hammond,(03) 4720 6197,18,F,16.73011913,96.07155563
399,Signe Clay,(05) 7747 3595,53,F,16.84971616,96.18663785
400,Olga Chapman,(09) 7880 5843,41,M,16.97612459,96.23510531
401,Catherine Cline,(06) 7022 1144,27,F,16.83038574,96.08427367
402,Maxine Ayers,(08) 4583 0409,41,F,17.014061,96.2197137
403,Sopoline Hopper,(07) 8884 0965,53,M,16.98915959,96.13557791
404,Dominique Gibbs,(01) 9214 1167,17,M,16.85481147,96.07543673
405,Amela Hoffman,(09) 3918 9898,27,M,16.72995606,96.27000335
406,Ciara Chen,(01) 9083 4028,37,F,16.80742186,96.13659125
407,Ayanna Hernandez,(05) 6430 8338,23,M,16.87593825,96.32406157
408,Noel Dorsey,(05) 9798 3286,26,M,16.87805274,96.04179644
409,Clare Morris,(05) 0679 9879,20,F,16.98077267,96.26442929
410,Colleen Atkinson,(05) 8424 3062,59,M,16.95007569,96.11249595
411,Jana Sheppard,(07) 7374 0945,53,M,16.85103027,96.06315741
412,Minerva Stewart,(07) 7884 8014,34,M,17.00821483,96.31556001
413,Lillith Mcintyre,(01) 1054 1066,32,F,16.96717595,96.16593345
414,Belle Parsons,(09) 8331 5621,45,M,16.95500422,96.27818193
415,Dana Mullen,(03) 2401 7116,22,F,16.97189277,96.26244296
416,Geraldine Lambert,(03) 6148 5773,41,F,16.86129641,96.11351666
417,Uma Wood,(04) 0321 2223,14,F,16.95163754,96.18394443
418,Heather Small,(05) 8530 5678,16,M,17.03637984,96.17625952
419,Lacy Franklin,(03) 0782 4220,21,M,16.82650866,96.16341717
420,Sylvia Morris,(01) 8794 2490,12,F,16.80911154,96.04964528
421,Francesca Tanner,(03) 9799 5940,57,M,17.06551236,96.19497013
422,Anastasia Klein,(04) 5052 8921,12,M,16.74504353,96.30314806
423,Blaine Decker,(06) 1611 2276,32,M,16.95661442,96.23576741
424,Taylor Nolan,(03) 9383 6360,14,F,16.76892101,96.0821467
425,Genevieve Mejia,(03) 7574 9287,46,M,16.89221598,96.30797085
426,Jaquelyn Joyner,(04) 8023 9207,27,M,16.82170775,96.36437251
427,Lareina Bonner,(09) 7671 5353,25,F,16.9860914,96.12296508
428,Galena Mitchell,(02) 4542 3943,35,F,17.00957502,96.21314382
429,Felicia Stone,(07) 1487 2885,35,F,16.97101253,96.27583266
430,Hedda Simpson,(04) 7389 8724,28,M,16.94304873,96.30322773
431,Lila Kidd,(09) 8905 6685,46,F,16.79185557,96.07689608
432,Alisa Cruz,(09) 9156 5977,43,M,16.87420851,96.05962672
433,Avye Gilmore,(06) 7679 2005,59,F,16.97994452,96.128034
434,Hilda Vasquez,(04) 1477 3273,27,M,17.05595888,96.24444545
435,Scarlet Cain,(08) 1991 0149,55,F,16.9424906,96.37062039
436,Kelsey Humphrey,(08) 7226 1200,12,M,17.01673262,96.14916652
437,Sage Glenn,(08) 9381 7344,23,M,16.76206356,96.20676525
438,Shea Walter,(06) 3212 5560,40,M,16.8472383,96.18270292
439,Deanna Velazquez,(02) 1372 2270,52,M,16.91612068,96.35072453
440,Pearl Shields,(07) 7825 2488,15,M,16.9161215,96.34756421
441,Irma Wall,(02) 0668 3090,17,M,16.95427754,96.12676948
442,Aurora Fowler,(08) 5444 3421,46,F,16.84576065,96.18339759
443,Helen Beard,(04) 8021 3188,18,M,16.80122288,96.08501611
444,Xerxes Francis,(01) 5107 8574,24,M,16.85129107,96.23416566
445,Nayda Becker,(03) 6683 4085,44,F,16.96096097,96.09594253
446,Elaine Parker,(09) 3708 2446,32,M,16.84135691,96.26539643
447,Noelani Vega,(04) 3243 7350,27,M,16.96369083,96.29515681
448,Jana George,(05) 6720 2314,57,F,16.92431111,96.02263052
449,Sophia Robles,(07) 3710 7383,60,M,16.98758608,96.18129984
450,Indira Coffey,(02) 5421 2088,60,M,16.92662299,96.13841862
451,Kimberly Huff,(08) 7660 5446,22,M,16.94276784,96.34382121
452,Cally Austin,(02) 5724 3180,53,F,16.84430752,96.07537404
453,Jocelyn Drake,(07) 8951 8253,59,M,16.82902176,96.30278943
454,Renee Hancock,(08) 9326 0245,45,F,16.96714597,96.04624959
455,Lael Page,(08) 5772 7271,42,F,16.83419985,96.37898836
456,Myra Moses,(05) 5955 5849,44,M,16.90549243,96.24536439
457,Shoshana Park,(08) 6376 8220,36,F,16.88069669,96.27553003
458,Paula Ellis,(06) 3839 3710,36,M,17.02895188,96.17601724
459,Teagan Chaney,(05) 1790 0082,37,F,16.90890486,96.28489869
460,Cathleen Haley,(08) 7742 9936,15,M,16.96684116,96.03904971
461,Maxine Blackburn,(03) 7473 9629,15,F,16.79270528,96.2592016
462,Macy Weber,(04) 7855 6603,39,M,16.98544239,96.18594655
463,Pandora Kelley,(07) 2396 0426,13,F,16.81180814,96.19562396
464,Chanda Glover,(05) 7876 1210,12,F,16.82056943,96.3677611
465,Hermione Phelps,(03) 6867 9807,59,M,16.92886718,96.1496321
466,Quynn Harris,(07) 7423 8361,29,M,16.84549426,96.04136331
467,Helen Chaney,(05) 9300 4377,54,M,16.88269705,96.05102467
468,Keely Jensen,(05) 4366 7249,30,M,16.91575364,96.14177135
469,Sophia Morton,(07) 0771 3331,53,F,16.82347404,96.13782987
470,Christine Boyer,(01) 7768 9956,30,M,16.8534769,96.10310976
471,Unity Hays,(05) 5594 8007,13,M,16.94331471,96.16368945
472,Lenore Tanner,(05) 2944 6416,21,M,16.76574452,96.08146912
473,Sonia Stafford,(01) 8956 9092,40,M,16.92064229,96.31138803
474,Cherokee Stephenson,(09) 4869 8525,25,F,16.92533299,96.11644102
475,Nevada Sellers,(08) 3986 7846,44,M,16.88648987,96.08761548
476,Emma Mcintyre,(08) 0555 6029,57,M,17.04198149,96.21936878
477,Whitney Brady,(09) 6218 8484,53,M,16.83737633,96.09792131
478,Bertha Russo,(07) 4597 2206,32,M,16.91002068,96.15504812
479,Rosalyn Houston,(01) 2073 8475,47,F,16.80297215,96.25761012
480,Beverly Alvarado,(02) 7256 6294,16,M,16.88899049,96.34152143
481,Beverly Tanner,(07) 0632 1109,47,M,16.76100935,96.11531555
482,Taylor Forbes,(05) 0621 0509,13,F,17.06868288,96.17935673
483,India Collins,(09) 3497 2174,58,F,16.93215525,96.1022774
484,Kaye Little,(07) 0038 5578,59,F,16.88764217,96.35172634
485,Hillary Sanchez,(02) 3139 6238,56,F,17.02779598,96.27954478
486,Stacy Foley,(06) 8175 9775,58,F,16.86881567,96.27518302
487,Sydnee Justice,(08) 2132 5783,44,F,16.87873233,96.15577691
488,Sierra Page,(04) 5394 1874,45,M,16.98028755,96.30552659
489,Ginger Good,(09) 7771 6287,13,F,16.81116757,96.10790056
490,Hilda Ramsey,(04) 2030 3860,47,M,16.8328503,96.28574665
491,Keiko Flynn,(02) 7482 7381,46,F,16.97415415,96.28170675
492,Orla Riddle,(02) 7433 0172,43,F,16.95501712,96.38358676
493,Remedios Zimmerman,(05) 4910 2145,28,M,16.96703417,96.25294957
494,Isabella Bradshaw,(08) 2805 0628,35,F,16.72533413,96.19370998
495,Kylie Prince,(01) 4607 8828,52,F,16.80361528,96.18746006
496,Whilemina Hickman,(05) 5286 2053,50,F,16.93403511,96.27002348
497,Aphrodite Glass,(01) 0355 4544,56,F,16.93430582,96.22662246
498,Piper Howell,(05) 9917 2229,32,F,16.93233151,96.35577352
499,Madison James,(03) 2357 0154,42,M,16.9265719,96.12537631
500,Rose Lowery,(02) 6421 8851,44,M,16.98168633,96.10276559
